{
  "income": 0.04758477583527565,
  "age": 0.03937850147485733,
  "debt_ratio": 0.05363975837826729,
  "num_credit_lines": 0.0,
  "employment_years": 0.047837499529123306,
  "credit_score": 0.04830114170908928,
  "num_late_payments": 0.5968176126480103,
  "loan_amount": 0.07699941098690033,
  "loan_to_income": 0.08944131433963776
}